username,password,email
vrt,12bee03f1f06635fc67e26f17972d56b923cf6c7c900a8ba3417c6aebf15dffe,123@gmail.com
123,a665a45920422f9d417e4867efdc4fb8a04a1f3fff1fa07e998e86f7f7a27ae3,123@456.com
456,b3a8e0e1f9ab1bfe3a36f231f676f78bb30a519d2b21e6c530c0eee8ebb4a5d0,456@123.com
567,97a6d21df7c51e8289ac1a8c026aaac143e15aa1957f54f42e30d8f8a85c3a55,567@123.com
rat,9950cec246ece55e46c9929ef30136e25c01b015637715c0d4aaf007208ae836,rat@rat.com
vrt123,a065ebf36d78f1cd927da3fba0bf47c67b305860acb3adfb15be858c4eebec55,vrt123@vrt.com
xyz,3608bca1e44ea6c4d268eb6db02260269892c0b42b86bbf1e77a6fa16c3c9282,xyz@xyz.com
abc,ba7816bf8f01cfea414140de5dae2223b00361a396177a9cb410ff61f20015ad,abc@gmail.com
pqr,d24bd97b5fb24761112354dec329c70a5c6e2dedcc9a6df160eefd1d671efe56,pqr@yahoo.com
ratan,1c3c2dc3fdc6a597335b15f8db1d39aa8d8df0f46fcd93f04126079c25411ced,ratan@gmail.com
